INSERT INTO Books (book_id, title, genre, price, stock) VALUES
(1,'Data Science 101','Education',29.99,120),
(2,'Advanced SQL','Technology',39.99,80),
(3,'Python for Analysts','Education',35.50,90),
(4,'AI Basics','Technology',45.00,60),
(5,'Mystery of Night','Fiction',18.00,40),
(6,'Romance in Paris','Romance',20.00,35),
(7,'Startup Playbook','Business',30.00,70),
(8,'Deep Learning','Technology',55.00,50),
(9,'Statistics Simplified','Education',28.00,100),
(10,'Fantasy Kingdom','Fantasy',25.00,30),
(11,'Data Visualization','Technology',32.00,85),
(12,'SQL Interview Guide','Technology',27.00,95),
(13,'Psychology of Money','Finance',22.00,65),
(14,'Digital Marketing','Business',26.00,75),
(15,'Cloud Computing','Technology',48.00,55),
(16,'Clean Code','Technology',42.00,60),
(17,'Time Management','Self-Help',19.00,110),
(18,'Leadership Skills','Self-Help',24.00,90),
(19,'Cyber Security','Technology',46.00,50),
(20,'Ethical Hacking','Technology',49.00,45),
(21,'History of India','History',21.00,80),
(22,'World Politics','Politics',23.00,70),
(23,'Economics Basics','Education',27.50,85),
(24,'Mindfulness','Self-Help',18.50,120),
(25,'Machine Learning','Technology',58.00,40);



INSERT INTO Customers (customer_id, name, city, signup_date) VALUES
(1,'Amit','Delhi','2023-01-05'),
(2,'Riya','Mumbai','2023-01-15'),
(3,'Rahul','Pune','2023-02-01'),
(4,'Sneha','Bangalore','2023-02-10'),
(5,'Karan','Hyderabad','2023-02-20'),
(6,'Neha','Chennai','2023-03-01'),
(7,'Ankit','Indore','2023-03-10'),
(8,'Pooja','Jaipur','2023-03-20'),
(9,'Sahil','Ahmedabad','2023-04-01'),
(10,'Nikita','Nagpur','2023-04-10'),
(11,'Rohit','Delhi','2023-04-20'),
(12,'Simran','Chandigarh','2023-05-01'),
(13,'Vikas','Noida','2023-05-10'),
(14,'Isha','Gurgaon','2023-05-20'),
(15,'Manish','Bhopal','2023-06-01'),
(16,'Tina','Surat','2023-06-10'),
(17,'Akash','Kanpur','2023-06-20'),
(18,'Kriti','Patna','2023-07-01'),
(19,'Arjun','Kolkata','2023-07-10'),
(20,'Megha','Ranchi','2023-07-20'),
(21,'Varun','Lucknow','2023-08-01'),
(22,'Sonia','Amritsar','2023-08-10'),
(23,'Naveen','Mysore','2023-08-20'),
(24,'Payal','Udaipur','2023-09-01'),
(25,'Deepak','Raipur','2023-09-10'),
(26,'Shubham','Gwalior','2023-09-20'),
(27,'Ayesha','Bhopal','2023-10-01'),
(28,'Mohit','Faridabad','2023-10-10'),
(29,'Pankaj','Meerut','2023-10-20'),
(30,'Ritu','Agra','2023-11-01');


INSERT INTO Orders (order_id, customer_id, book_id, quantity, order_date) VALUES
(1,1,1,2,'2024-01-10'),
(2,1,3,1,'2024-01-20'),
(3,1,12,1,'2024-02-05'),
(4,2,2,1,'2024-01-15'),
(5,2,8,1,'2024-02-18'),
(6,2,25,1,'2024-03-10'),
(7,3,1,1,'2024-01-25'),
(8,3,9,2,'2024-02-12'),
(9,3,11,1,'2024-03-01'),
(10,4,15,1,'2024-01-30'),
(11,4,16,1,'2024-02-20'),
(12,4,19,1,'2024-03-15'),
(13,5,7,2,'2024-02-01'),
(14,5,13,1,'2024-03-05'),
(15,6,10,1,'2024-02-10'),
(16,6,17,2,'2024-03-12'),
(17,7,6,1,'2024-02-15'),
(18,7,18,1,'2024-03-18'),
(19,8,5,1,'2024-02-20'),
(20,8,24,2,'2024-03-22'),
(21,9,21,1,'2024-02-25'),
(22,9,22,1,'2024-03-25'),
(23,10,23,2,'2024-03-01'),
(24,10,9,1,'2024-03-28'),
(25,11,4,1,'2024-02-05'),
(26,11,8,1,'2024-03-30');


INSERT INTO MarketingSpend (spend_id, customer_id, spend_amount) VALUES
(1,1,120.00),
(2,2,90.00),
(3,3,75.00),
(4,4,110.00),
(5,5,95.00),
(6,6,80.00),
(7,7,70.00),
(8,8,85.00),
(9,9,60.00),
(10,10,65.00),
(11,11,100.00),
(12,12,90.00),
(13,13,85.00),
(14,14,95.00),
(15,15,70.00),
(16,16,75.00),
(17,17,60.00),
(18,18,65.00),
(19,19,80.00),
(20,20,90.00),
(21,21,85.00),
(22,22,70.00),
(23,23,75.00),
(24,24,60.00),
(25,25,65.00),
(26,26,80.00),
(27,27,90.00),
(28,28,85.00),
(29,29,70.00),
(30,30,75.00);
